Timestamp,Status,No_of_Attempts
10-03-2025 10:27:32,Failure,27
10-03-2025 10:32:54,Failure,31
10-03-2025 10:38:59,Failure,54
10-03-2025 10:40:40,Failure,2
10-03-2025 10:41:29,Failure,26
10-03-2025 11:31:41,Failure,77
10-03-2025 12:01:03,Failure,76
10-03-2025 12:21:07,Failure,5
10-03-2025 12:21:38,Failure,7
10-03-2025 12:25:06,Failure,16
10-03-2025 12:25:42,Failure,9
10-03-2025 12:26:49,Failure,4
10-03-2025 12:28:13,Failure,25
10-03-2025 12:29:14,Failure,23
10-03-2025 12:29:50,Failure,10
10-03-2025 12:32:09,Failure,5
10-03-2025 12:33:06,Failure,4
10-03-2025 12:33:36,Failure,7
10-03-2025 12:34:30,Failure,12
10-03-2025 12:36:52,Failure,4
10-03-2025 12:37:56,Failure,4
10-03-2025 12:40:00,Failure,4
10-03-2025 12:52:01,Failure,7
10-03-2025 12:58:01,Failure,5
11-03-2025 12:21:04,Failure,12
11-03-2025 21:14:57,Failure,12
17-03-2025 15:03:09,Failure,9
19-03-2025 18:32:02,Failure,9
19-03-2025 19:10:13,Failure,4
19-03-2025 20:33:48,Failure,2
19-03-2025 20:59:12,Failure,12
20-03-2025 12:15:00,Failure,3
20-03-2025 12:43:01,Failure,2
20-03-2025 19:40:00,Failure,10
20-03-2025 19:48:17,Failure,18
20-03-2025 20:11:12,Failure,11
20-03-2025 20:13:59,Failure,19
20-03-2025 20:15:36,Failure,12
